Id,Predicted
0,178.7
1,394.54
2,58.62
3,858.76
4,453.09
5,245.74
6,136.63
7,397.15
8,285.03
9,6.69
10,210.09
11,451.1
12,109.13
13,230.44
14,279.61
15,430.91
16,192.54
17,313.66
18,185.24
19,24.97
20,107.42
21,221.91
22,462.66
23,204.28
24,829.2
25,454.9
26,324.57
27,304.02
28,401.11
29,6.41
30,579.06
31,2.85
32,33.75
33,229.98
34,153.67
35,8.97
36,8.02
37,107.59
38,153.1
39,96.25
40,158.75
41,259.6
42,285.88
43,3.22
44,365.51
45,598.26
46,466.73
47,251.49
48,135.51
49,190.63
50,1.9
51,330.46
52,120.23
53,7.1
54,5.46
55,260.92
56,1.6
57,4.6
58,296.85
59,210.54
60,71.57
61,135.91
62,74.84
63,1.89
64,277.63
65,7.34
66,178.97
67,93.77
68,5.72
69,187.44
70,416.03
71,6.86
72,341.79
73,317.44
74,313.38
75,295.97
76,66.64
77,198.22
78,117.08
79,69.46
80,52.42
81,36.01
82,390.92
83,448.98
84,6.62
85,148.04
86,200.5
87,393.47
88,87.46
89,274.92
90,765.17
91,302.36
92,326.11
93,26.35
94,73.07
95,534.07
96,335.25
97,20.19
98,94.08
99,294.6
100,150.14
101,95.98
102,26.67
103,3.83
104,10.41
105,190.56
106,133.61
107,6.37
108,80.39
109,1.57
110,42.61
111,42.88
112,6.11
113,3.11
114,78.39
115,218.47
116,301.67
117,394.54
118,476.24
119,12.51
120,8.85
121,259.91
122,725.91
123,108.57
124,263.1
125,89.92
126,257.82
127,12.37
128,677.71
129,109.6
130,739.32
131,1.83
132,42.15
133,6.39
134,161.82
135,218.01
136,54.19
137,209.61
138,245.1
139,376.26
140,102.38
141,229.92
142,128.8
143,148.27
144,362.7
145,18.76
146,36.83
147,50.59
148,160.77
149,133.12
150,7.65
151,293.03
152,52.99
153,38.71
154,443.88
155,429.79
156,92.06
157,20.32
158,6.62
159,52.81
160,382.83
161,330.64
162,10.45
163,191.75
164,33.55
165,197.12
166,232.3
167,151.68
168,86.18
169,211.55
170,156.94
171,17.62
172,74.79
173,163.73
174,151.05
175,16.31
176,321.3
177,10.66
178,167.81
179,293.6
180,5.85
181,70.16
182,177.21
183,168.12
184,155.59
185,166.09
186,16.45
187,8.45
188,291.8
189,58.87
190,24.52
191,42.44
192,108.38
193,154.88
194,82.43
195,363.72
196,134.05
197,331.59
198,15.01
199,275.87
200,228.92
201,29.72
202,89.81
203,97.98
204,12.61
205,269.23
206,87.0
207,448.42
208,66.74
209,422.24
210,115.68
211,370.81
212,303.13
213,301.88
214,429.67
215,175.97
216,113.22
217,70.75
218,452.64
219,173.69
220,184.51
221,330.93
222,138.41
223,286.05
224,40.88
225,24.25
226,599.7
227,1.2
228,367.43
229,3.2
230,421.42
231,239.39
232,14.16
233,135.22
234,230.76
235,149.06
236,141.03
237,6.17
238,208.72
239,5.39
240,17.99
241,254.25
242,15.76
243,114.48
244,255.51
245,708.93
246,232.8
247,126.15
248,110.3
249,462.94
250,485.55
251,115.77
252,19.17
253,137.47
254,242.24
255,183.17
256,304.23
257,399.23
258,642.07
259,71.74
260,180.82
261,5.03
262,329.16
263,291.55
264,194.67
265,188.19
266,550.58
267,272.85
268,150.5
269,564.09
270,5.63
271,344.55
272,455.73
273,72.29
274,230.04
275,155.42
276,465.95
277,157.66
278,425.78
279,140.65
280,159.14
281,123.39
282,327.38
283,41.94
284,11.11
285,238.1
286,151.38
287,541.59
288,516.15
289,188.07
290,152.38
291,397.11
292,426.9
293,418.68
294,138.11
295,170.86
296,175.86
297,234.45
298,328.33
299,215.66
300,285.67
301,75.75
302,104.04
303,213.86
304,416.4
305,117.26
306,115.27
307,332.88
308,397.68
309,253.23
310,81.66
311,5.96
312,108.55
313,73.19
314,6.72
315,14.88
316,75.55
317,444.09
318,24.3
319,52.97
320,334.75
321,116.87
322,17.1
323,8.62
324,369.41
325,288.9
326,121.28
327,56.84
328,111.56
329,276.0
330,206.56
331,8.19
332,297.05
333,56.19
334,435.27
335,278.23
336,454.74
337,12.35
338,322.68
339,75.33
340,4.11
341,213.23
342,338.92
343,22.1
344,487.63
345,31.44
346,3.8
347,109.83
348,192.71
349,85.18
350,200.83
351,22.64
352,2.11
353,128.35
354,783.8
355,426.61
356,439.01
357,343.74
358,249.45
359,106.21
360,454.91
361,280.48
362,74.15
363,276.74
364,133.89
365,166.88
366,4.51
367,477.43
368,1.48
369,441.26
370,185.67
371,110.94
372,233.63
373,808.78
374,195.46
375,81.44
376,726.55
377,7.32
378,62.84
379,364.41
380,10.57
381,413.14
382,90.81
383,7.35
384,47.35
385,26.07
386,148.19
387,127.29
388,362.24
389,382.11
390,36.29
391,52.68
392,57.32
393,196.11
394,122.41
395,237.22
396,26.22
397,295.27
398,5.79
399,234.21
400,382.33
401,141.5
402,781.65
403,342.45
404,152.44
405,6.2
406,182.22
407,80.75
408,101.22
409,249.3
410,19.69
411,8.01
412,8.9
413,151.54
414,52.11
415,4.22
416,196.42
417,69.15
418,72.35
419,156.81
420,158.5
421,177.34
422,18.23
423,44.05
424,155.1
425,176.21
426,27.62
427,187.4
428,130.59
429,215.51
430,285.85
431,312.38
432,326.99
433,225.8
434,110.29
435,4.31
436,311.47
437,94.44
438,403.83
439,452.6
440,52.31
441,12.8
442,137.98
443,3.22
444,263.27
445,109.71
446,427.41
447,241.66
448,162.63
449,4.38
450,312.69
451,7.72
452,59.35
453,90.38
454,4.77
455,3.39
456,9.65
457,405.75
458,72.3
459,37.72
460,299.1
461,3.87
462,259.63
463,17.12
464,9.21
465,308.48
466,213.28
467,132.43
468,178.45
469,116.74
470,200.75
471,228.81
472,195.77
473,82.06
474,170.85
475,518.31
476,103.04
477,312.59
478,8.54
479,63.62
480,120.41
481,86.19
482,2.52
483,266.05
484,83.33
485,674.41
486,75.59
487,19.97
488,6.68
489,225.19
490,419.59
491,271.71
492,175.74
493,184.87
494,225.12
495,171.1
496,97.43
497,616.41
498,88.65
499,7.32
500,3.48
501,30.53
502,145.99
503,178.72
504,21.12
505,92.19
506,13.61
507,2.2
508,111.48
509,148.83
510,14.7
511,54.19
512,177.72
513,226.18
514,23.98
515,92.58
516,674.32
517,47.19
518,131.54
519,525.28
520,340.77
521,3.58
522,198.16
523,328.89
524,6.22
525,420.55
526,2.11
527,463.73
528,45.15
529,30.97
530,92.84
531,4.08
532,90.95
533,258.52
534,480.66
535,224.22
536,160.79
537,373.24
538,425.0
539,75.54
540,244.1
541,686.36
542,170.98
543,236.5
544,270.21
545,163.5
546,181.39
547,135.94
548,206.61
549,270.46
550,9.37
551,503.9
552,92.48
553,556.97
554,107.28
555,273.92
556,252.66
557,7.55
558,4.11
559,328.05
560,212.67
561,5.71
562,4.15
563,86.29
564,475.65
565,5.88
566,211.56
567,30.56
568,75.58
569,84.76
570,162.71
571,201.2
572,585.88
573,124.89
574,370.29
575,232.53
576,165.83
577,278.84
578,188.31
579,115.16
580,264.18
581,348.85
582,826.34
583,440.8
584,148.87
585,401.35
586,1.48
587,156.26
588,11.67
589,106.65
590,444.4
591,64.03
592,205.52
593,650.77
594,354.85
595,221.14
596,132.58
597,153.18
598,653.9
599,99.1
600,8.62
601,371.14
602,60.59
603,72.95
604,9.48
605,103.42
606,222.69
607,21.0
608,148.81
609,338.55
610,21.69
611,329.75
612,632.04
613,3.45
614,59.52
615,798.02
616,20.8
617,94.9
618,5.35
619,132.04
620,240.44
621,7.68
622,247.87
623,36.76
624,707.57
625,158.93
626,175.36
627,157.17
628,50.12
629,88.07
630,456.42
631,8.57
632,192.86
633,367.97
634,6.36
635,525.32
636,129.96
637,376.27
638,619.52
639,40.19
640,98.04
641,186.98
642,234.37
643,274.2
644,7.13
645,453.34
646,288.88
647,24.48
648,60.25
649,258.81
650,933.67
651,151.44
652,683.25
653,38.18
654,276.3
655,141.61
656,99.78
657,22.11
658,426.29
659,116.23
660,203.38
661,300.1
662,104.67
663,237.99
664,17.44
665,231.53
666,571.02
667,64.57
668,57.85
669,307.05
670,469.26
671,676.36
672,196.76
673,348.97
674,206.06
675,34.79
676,220.29
677,173.88
678,505.67
679,393.97
680,24.37
681,196.76
682,82.13
683,6.04
684,434.13
685,11.7
686,815.71
687,47.02
688,46.6
689,611.93
690,5.12
691,449.23
692,659.17
693,423.6
694,265.75
695,193.61
696,501.65
697,431.22
698,248.56
699,578.7
700,402.14
701,522.52
702,739.99
703,411.41
704,8.28
705,12.15
706,216.78
707,279.16
708,187.65
709,89.21
710,5.78
711,395.23
712,4.47
713,642.93
714,315.36
715,13.52
716,42.89
717,3.25
718,161.57
719,73.58
720,58.83
721,349.93
722,171.29
723,109.28
724,65.86
725,12.68
726,189.78
727,487.25
728,663.85
729,24.15
730,91.62
731,80.67
732,270.16
733,121.33
734,208.07
735,1.64
736,243.11
737,145.74
738,1.49
739,323.97
740,574.5
741,34.2
742,72.62
743,385.34
744,169.66
745,12.18
746,50.22
747,29.89
748,16.78
749,4.15
750,199.67
751,782.67
752,531.4
753,19.93
754,393.55
755,187.54
756,271.8
757,52.67
758,218.5
759,5.28
760,102.89
761,151.75
762,261.62
763,604.28
764,202.39
765,50.93
766,5.98
767,221.21
768,1.67
769,65.88
770,174.36
771,30.75
772,441.76
773,96.17
774,526.01
775,106.74
776,42.71
777,9.85
778,4.02
779,97.38
780,325.09
781,110.31
782,138.11
783,566.19
784,166.93
785,150.33
786,436.98
787,149.02
788,564.84
789,60.81
790,27.59
791,110.76
792,43.12
793,8.92
794,112.62
795,129.64
796,100.15
797,174.4
798,32.03
799,893.54
800,84.6
801,82.16
802,223.43
803,240.46
804,10.12
805,235.49
806,15.86
807,248.44
808,93.84
809,205.39
810,306.4
811,765.24
812,128.32
813,17.31
814,349.77
815,5.67
816,193.64
817,243.68
818,238.33
819,36.06
820,77.3
821,328.47
822,315.55
823,56.02
824,37.7
825,152.92
826,300.38
827,91.52
828,53.73
829,43.25
830,12.87
831,3.31
832,402.47
833,326.29
834,173.23
835,250.3
836,131.39
837,46.5
838,346.98
839,373.86
840,71.67
841,154.6
842,346.64
843,142.91
844,71.53
845,68.81
846,391.48
847,298.71
848,328.12
849,863.88
850,32.82
851,294.37
852,173.18
853,369.48
854,300.56
855,139.58
856,38.16
857,26.01
858,319.0
859,743.64
860,127.84
861,237.99
862,35.53
863,53.78
864,607.47
865,309.55
866,172.93
867,7.42
868,73.11
869,48.56
870,66.24
871,232.27
872,90.63
873,151.73
874,230.2
875,222.06
876,23.69
877,251.44
878,730.87
879,16.37
880,205.11
881,61.05
882,157.87
883,388.23
884,59.57
885,428.49
886,8.06
887,396.62
888,172.01
889,218.31
890,401.23
891,435.75
892,181.03
893,298.8
894,207.69
895,461.8
896,113.99
897,89.31
898,67.43
899,44.14
900,191.99
901,103.36
902,604.6
903,206.95
904,11.1
905,207.46
906,4.8
907,339.21
908,34.68
909,389.57
910,4.2
911,96.98
912,135.79
913,161.87
914,169.5
915,668.42
916,103.39
917,117.11
918,120.77
919,212.05
920,33.2
921,190.01
922,529.39
923,219.79
924,595.85
925,23.02
926,54.48
927,293.96
928,916.11
929,437.63
930,77.91
931,90.79
932,191.97
933,176.73
934,195.47
935,134.85
936,19.67
937,28.35
938,6.32
939,29.43
940,63.2
941,157.04
942,161.87
943,838.38
944,21.27
945,4.88
946,218.19
947,35.8
948,296.44
949,163.28
950,14.94
951,5.49
952,26.26
953,299.84
954,7.52
955,346.99
956,85.01
957,63.14
958,142.55
959,5.21
960,2.64
961,315.1
962,538.59
963,294.33
964,5.64
965,21.04
966,118.29
967,602.51
968,319.99
969,254.53
970,309.46
971,76.21
972,24.43
973,17.55
974,183.08
975,234.7
976,176.71
977,161.62
978,38.27
979,350.64
980,108.17
981,162.49
982,444.63
983,499.36
984,299.0
985,651.47
986,213.46
987,36.0
988,609.8
989,546.77
990,203.68
991,296.8
992,91.58
993,95.07
994,435.11
995,8.96
996,306.71
997,146.4
998,236.93
999,5.62
1000,340.94
1001,534.65
1002,113.57
1003,568.04
1004,434.89
1005,9.68
1006,130.12
1007,69.58
1008,15.64
1009,188.3
1010,165.02
1011,9.4
1012,186.22
1013,193.75
1014,329.12
1015,203.85
1016,559.5
1017,78.15
1018,9.87
1019,475.9
1020,9.24
1021,6.67
1022,157.6
1023,13.42
1024,502.47
1025,168.91
1026,24.67
1027,95.81
1028,470.38
1029,24.1
1030,126.08
1031,71.09
1032,446.0
1033,111.59
1034,290.6
1035,139.58
1036,297.38
1037,55.66
1038,270.18
1039,164.67
1040,13.15
1041,10.87
1042,163.87
1043,15.75
1044,480.85
1045,146.01
1046,216.83
1047,69.19
1048,204.9
1049,102.13
1050,276.78
1051,702.98
1052,606.62
1053,6.34
1054,104.69
1055,2.98
1056,14.66
1057,809.0
1058,218.74
1059,4.56
1060,72.85
1061,122.23
1062,4.95
1063,207.23
1064,41.51
1065,754.21
1066,125.95
1067,3.59
1068,145.19
1069,20.69
1070,153.37
1071,386.35
1072,732.97
1073,228.33
1074,58.25
1075,127.64
1076,6.34
1077,66.81
1078,24.58
1079,120.09
1080,189.22
1081,2.96
1082,19.87
1083,134.29
1084,33.48
1085,278.04
1086,124.55
1087,398.73
1088,34.17
1089,418.63
1090,244.6
1091,103.35
1092,32.66
1093,67.04
1094,11.48
1095,511.54
1096,303.14
1097,110.69
1098,5.75
1099,225.28
1100,173.01
1101,155.77
1102,176.11
1103,383.51
1104,508.78
1105,275.48
1106,333.93
1107,366.49
1108,444.08
1109,207.9
1110,246.14
1111,7.25
1112,91.39
1113,50.49
1114,12.03
1115,144.58
1116,18.41
1117,89.93
1118,231.92
1119,7.93
1120,6.54
1121,51.06
1122,15.66
1123,6.7
1124,233.53
1125,136.28
1126,41.06
1127,371.86
1128,197.94
1129,358.25
1130,31.13
1131,179.91
1132,78.99
1133,307.81
1134,50.78
1135,359.24
1136,147.3
1137,5.09
1138,86.88
1139,60.29
1140,128.32
1141,362.64
1142,462.4
1143,74.34
1144,117.8
1145,83.49
1146,5.44
1147,8.91
1148,334.01
1149,6.37
1150,132.04
1151,19.73
1152,141.57
1153,176.25
1154,312.23
1155,208.79
1156,23.28
1157,213.2
1158,39.19
1159,164.03
1160,26.23
1161,242.62
1162,72.53
1163,239.72
1164,766.6
1165,4.02
1166,20.52
1167,48.11
1168,54.92
1169,8.0
1170,43.08
1171,474.05
1172,329.38
1173,523.84
1174,167.36
1175,63.49
1176,65.46
1177,63.4
1178,161.13
1179,304.09
1180,458.0
1181,18.56
1182,290.35
1183,48.19
1184,68.07
1185,591.22
1186,184.09
1187,155.0
1188,193.46
1189,253.33
1190,283.99
1191,423.49
1192,520.32
1193,372.25
1194,132.95
1195,3.88
1196,76.38
1197,29.02
1198,12.52
1199,242.0
1200,5.49
1201,123.09
1202,589.72
1203,441.9
1204,291.9
1205,221.51
1206,377.17
1207,267.28
1208,4.62
1209,5.59
1210,54.01
1211,165.18
1212,156.86
1213,76.43
1214,225.66
1215,564.33
1216,370.05
1217,177.2
1218,488.45
1219,285.42
1220,364.97
1221,555.64
1222,4.66
1223,190.12
1224,213.15
1225,22.33
1226,3.14
1227,7.69
1228,155.86
1229,118.09
1230,35.25
1231,312.81
1232,355.62
1233,61.54
1234,83.42
1235,28.87
1236,243.63
1237,5.27
1238,127.77
1239,7.65
1240,7.38
1241,465.01
1242,8.88
1243,15.79
1244,54.52
1245,112.09
1246,150.48
1247,7.2
1248,333.28
1249,418.35
1250,30.85
1251,393.81
1252,26.91
1253,542.45
1254,7.21
1255,77.26
1256,25.9
1257,37.81
1258,279.39
1259,661.88
1260,243.29
1261,62.73
1262,157.58
1263,22.95
1264,21.99
1265,74.85
1266,263.43
1267,667.62
1268,14.77
1269,90.77
1270,235.49
1271,181.3
1272,8.16
1273,878.57
1274,31.74
1275,396.07
1276,342.86
1277,31.78
1278,107.81
1279,243.48
1280,109.46
1281,291.99
1282,3.48
1283,24.37
1284,23.14
1285,23.44
1286,179.62
1287,260.4
1288,552.21
1289,213.13
1290,7.89
1291,298.06
1292,321.13
1293,17.58
1294,114.27
1295,11.67
1296,225.43
1297,84.03
1298,217.68
1299,18.24
1300,311.59
1301,151.97
1302,695.53
1303,557.41
1304,32.89
1305,495.98
1306,180.09
1307,6.75
1308,239.97
1309,191.05
1310,8.44
1311,73.21
1312,151.28
1313,193.76
1314,32.77
1315,668.38
1316,3.95
1317,114.23
1318,42.93
1319,195.84
1320,210.49
1321,224.74
1322,79.32
1323,98.79
1324,214.04
1325,217.03
1326,137.97
1327,2.12
1328,5.3
1329,106.81
1330,495.74
1331,160.56
1332,243.63
1333,11.92
1334,39.03
1335,13.32
1336,15.04
1337,4.93
1338,190.39
1339,47.8
1340,34.47
1341,419.5
1342,152.49
1343,304.87
1344,122.41
1345,22.71
1346,8.24
1347,147.65
1348,64.44
1349,236.77
1350,103.93
1351,95.14
1352,36.56
1353,343.77
1354,51.28
1355,170.16
1356,42.31
1357,189.01
1358,228.64
1359,14.49
1360,242.25
1361,5.8
1362,177.91
1363,158.98
1364,48.39
1365,219.93
1366,10.91
1367,105.78
1368,6.21
1369,2.68
1370,165.65
1371,41.3
1372,7.83
1373,169.68
1374,417.2
1375,256.03
1376,215.84
1377,274.19
1378,331.19
1379,233.39
1380,34.19
1381,4.83
1382,514.23
1383,9.39
1384,320.36
1385,167.23
1386,11.44
1387,146.63
1388,38.68
1389,84.49
1390,576.84
1391,244.1
1392,376.51
1393,4.75
1394,4.65
1395,230.82
1396,12.68
1397,103.13
1398,34.38
1399,4.92
1400,217.63
1401,166.77
1402,8.77
1403,11.85
1404,101.66
1405,145.04
1406,163.45
1407,294.15
1408,285.74
1409,290.72
1410,256.75
1411,56.84
1412,279.32
1413,123.09
1414,66.75
1415,13.03
1416,61.06
1417,332.06
1418,43.22
1419,241.68
1420,107.27
1421,167.55
1422,8.03
1423,528.14
1424,145.05
1425,108.27
1426,171.48
1427,102.3
1428,222.78
1429,90.29
1430,292.7
1431,327.42
1432,244.51
1433,171.37
1434,309.94
1435,288.93
1436,417.28
1437,199.82
1438,13.65
1439,260.53
1440,211.94
1441,226.3
1442,379.51
1443,30.12
1444,650.96
1445,353.32
1446,97.62
1447,236.93
1448,456.4
1449,10.41
1450,292.28
1451,87.46
1452,126.48
1453,325.74
1454,97.14
1455,33.27
1456,722.21
1457,257.09
1458,270.35
1459,156.9
1460,11.91
1461,58.57
1462,87.05
1463,29.88
1464,342.85
1465,114.99
1466,274.05
1467,13.46
1468,26.51
1469,424.35
1470,395.23
1471,236.43
1472,123.27
1473,179.31
1474,258.89
1475,69.62
1476,96.28
1477,455.98
1478,106.49
1479,415.41
1480,60.77
1481,381.97
1482,122.86
1483,146.06
1484,724.24
1485,342.15
1486,16.45
1487,249.64
1488,79.04
1489,46.41
1490,387.69
1491,122.98
1492,97.22
1493,4.57
1494,595.24
1495,190.8
1496,456.85
1497,199.82
1498,263.23
1499,48.96
1500,103.38
1501,2.4
1502,677.72
1503,238.97
1504,217.18
1505,354.14
1506,414.71
1507,10.85
1508,42.51
1509,26.32
1510,11.52
1511,21.58
1512,153.59
1513,473.95
1514,7.62
1515,120.81
1516,197.84
1517,99.35
1518,157.24
1519,470.71
1520,31.63
1521,683.18
1522,18.22
1523,2.06
1524,20.73
1525,173.78
1526,69.83
1527,445.22
1528,151.5
1529,97.14
1530,54.53
1531,155.43
1532,11.99
1533,238.38
1534,168.41
1535,25.79
1536,185.82
1537,697.08
1538,165.1
1539,259.82
1540,210.21
1541,303.79
1542,210.59
1543,360.23
1544,51.23
1545,209.76
1546,236.85
1547,235.2
1548,431.59
1549,186.81
1550,502.01
1551,134.78
1552,5.24
1553,266.25
1554,1.33
1555,243.36
1556,7.82
1557,293.46
1558,210.91
1559,8.0
1560,207.03
1561,170.58
1562,41.21
1563,7.92
1564,489.28
1565,447.56
1566,418.23
1567,242.06
1568,166.79
1569,3.41
1570,477.63
1571,55.91
1572,616.49
1573,208.42
1574,72.14
1575,288.32
1576,423.64
1577,418.28
1578,181.97
1579,320.44
1580,339.87
1581,328.71
1582,244.09
1583,354.14
1584,34.67
1585,12.11
1586,7.04
1587,3.24
1588,350.99
1589,167.63
1590,110.13
1591,8.93
1592,690.72
1593,298.75
1594,387.1
1595,256.42
1596,313.1
1597,28.47
1598,100.59
1599,293.0
1600,13.01
1601,307.93
1602,175.98
1603,28.16
1604,211.7
1605,281.93
1606,129.54
1607,16.31
1608,57.44
1609,199.23
1610,156.89
1611,301.5
1612,258.89
1613,179.36
1614,190.02
1615,26.71
1616,7.82
1617,21.93
1618,222.07
1619,170.97
1620,50.68
1621,75.14
1622,5.47
1623,9.22
1624,62.6
1625,31.49
1626,261.77
1627,576.01
1628,130.7
1629,57.43
1630,44.0
1631,7.54
1632,537.69
1633,67.88
1634,10.81
1635,815.74
1636,22.21
1637,49.7
1638,505.88
1639,6.22
1640,407.84
1641,62.69
1642,20.83
1643,19.34
1644,175.73
1645,160.36
1646,22.43
1647,8.5
1648,299.26
1649,9.72
1650,7.66
1651,83.0
1652,17.69
1653,249.83
1654,269.43
1655,95.61
1656,356.51
1657,360.43
1658,14.23
1659,159.83
1660,205.26
1661,125.34
1662,67.62
1663,159.76
1664,82.72
1665,83.71
1666,26.57
1667,344.91
1668,137.06
1669,8.94
1670,343.48
1671,286.51
1672,356.93
1673,146.0
1674,71.16
1675,503.79
1676,302.3
1677,141.26
1678,69.76
1679,5.14
1680,175.91
1681,20.22
1682,180.56
1683,242.63
1684,412.0
1685,317.7
1686,219.73
1687,9.59
1688,389.35
1689,309.51
1690,590.79
1691,41.47
1692,246.19
1693,228.47
1694,11.39
1695,479.44
1696,58.55
1697,23.5
1698,60.93
1699,80.57
1700,75.56
1701,308.56
1702,11.79
1703,349.0
1704,30.46
1705,809.8
1706,64.83
1707,222.16
1708,248.4
1709,130.16
1710,390.51
1711,31.0
1712,116.44
1713,432.8
1714,190.41
1715,37.8
1716,469.86
1717,342.11
1718,45.4
1719,197.43
1720,112.76
1721,558.05
1722,1.97
1723,193.36
1724,262.31
1725,663.93
1726,153.58
1727,428.27
1728,329.33
1729,100.96
1730,698.81
1731,638.08
1732,338.84
1733,144.66
1734,6.26
1735,309.88
1736,71.31
1737,577.54
1738,3.2
1739,147.07
1740,88.95
1741,12.01
1742,252.18
1743,328.99
1744,220.49
1745,201.24
1746,181.15
1747,28.57
1748,39.48
1749,582.1
1750,400.71
1751,63.48
1752,704.99
1753,417.58
1754,352.31
1755,13.86
1756,505.93
1757,529.4
1758,94.85
1759,123.27
1760,4.1
1761,202.14
1762,170.65
1763,197.05
1764,147.96
1765,107.32
1766,703.74
1767,16.43
1768,61.09
1769,14.86
1770,93.05
1771,297.35
1772,5.73
1773,238.39
1774,73.99
1775,103.62
1776,107.44
1777,566.81
1778,158.46
1779,17.56
1780,1.97
1781,143.98
1782,86.35
1783,122.62
1784,50.62
1785,37.46
1786,228.97
1787,20.09
1788,4.59
1789,331.69
1790,27.61
1791,548.17
1792,80.29
1793,52.94
1794,9.32
1795,82.55
1796,74.15
1797,301.31
1798,242.77
1799,90.5
1800,39.58
1801,71.12
1802,50.35
1803,476.7
1804,4.32
1805,205.09
1806,21.92
1807,499.75
1808,42.41
1809,423.37
1810,1.38
1811,73.02
1812,57.38
1813,101.61
1814,31.4
1815,204.55
1816,127.6
1817,751.54
1818,185.43
1819,184.38
1820,94.83
1821,66.32
1822,77.74
1823,122.36
1824,332.98
1825,175.93
1826,109.77
1827,199.29
1828,92.66
1829,548.58
1830,237.44
1831,455.35
1832,275.28
1833,284.54
1834,98.63
1835,458.34
1836,82.25
1837,371.61
1838,67.39
1839,7.11
1840,291.72
1841,229.79
1842,243.35
1843,19.38
1844,24.0
1845,14.16
1846,153.95
1847,5.28
1848,63.02
1849,56.06
1850,91.43
1851,48.71
1852,71.53
1853,107.68
1854,83.59
1855,619.46
1856,4.35
1857,713.76
1858,346.39
1859,342.52
1860,6.72
1861,407.31
1862,21.99
1863,62.75
1864,94.13
1865,55.15
1866,275.48
1867,169.29
1868,244.98
1869,404.17
1870,29.69
1871,186.43
1872,6.39
1873,8.77
1874,38.9
1875,56.5
1876,163.47
1877,261.3
1878,56.33
1879,189.83
1880,108.55
1881,520.97
1882,141.97
1883,88.79
1884,129.53
1885,514.52
1886,151.71
1887,222.18
1888,136.89
1889,111.89
1890,8.05
1891,29.65
1892,215.38
1893,856.68
1894,230.4
1895,53.82
1896,183.47
1897,134.55
1898,429.26
1899,414.81
1900,13.31
1901,29.16
1902,1.76
1903,143.32
1904,8.32
1905,100.43
1906,39.4
1907,119.75
1908,123.73
1909,28.29
1910,42.42
1911,346.1
1912,38.83
1913,5.34
1914,258.4
1915,177.79
1916,91.52
1917,13.42
1918,461.88
1919,18.01
1920,218.22
1921,67.65
1922,9.99
1923,24.13
1924,21.04
1925,39.36
1926,14.18
1927,7.9
1928,292.35
1929,68.39
1930,305.27
1931,116.1
1932,371.8
1933,679.74
1934,93.94
1935,11.23
1936,20.44
1937,123.88
1938,11.35
1939,208.91
1940,448.06
1941,5.06
1942,204.64
1943,103.68
1944,233.88
1945,33.02
1946,546.24
1947,48.33
1948,337.06
1949,53.29
1950,332.72
1951,71.87
1952,13.24
1953,4.1
1954,105.06
1955,316.57
1956,158.93
1957,342.5
1958,3.97
1959,480.27
1960,428.21
1961,70.8
1962,121.81
1963,31.93
1964,92.89
1965,253.89
1966,296.68
1967,7.73
1968,146.41
1969,99.98
1970,192.85
1971,246.38
1972,144.09
1973,41.04
1974,34.23
1975,42.36
1976,138.92
1977,11.11
1978,393.81
1979,219.91
1980,813.41
1981,276.79
1982,19.11
1983,419.96
1984,53.57
1985,14.08
1986,7.01
1987,647.88
1988,420.38
1989,2.89
1990,345.68
1991,182.1
1992,67.57
1993,260.8
1994,145.14
1995,54.89
1996,75.01
1997,7.57
1998,172.62
1999,17.51
2000,91.3
2001,35.85
2002,195.12
2003,523.92
2004,426.26
2005,334.78
2006,163.77
2007,70.44
2008,165.93
2009,430.04
2010,41.14
2011,285.52
2012,100.81
2013,8.59
2014,6.9
2015,176.85
2016,2.1
2017,181.03
2018,161.55
2019,15.84
2020,21.75
2021,416.88
2022,119.1
2023,256.29
2024,369.51
2025,331.69
2026,303.73
2027,470.99
2028,21.93
2029,196.59
2030,205.78
2031,306.65
2032,12.42
2033,366.48
2034,33.54
2035,55.95
2036,219.68
2037,14.31
2038,451.99
2039,138.71
2040,182.01
2041,160.59
2042,2.44
2043,316.78
2044,131.83
2045,181.18
2046,301.06
2047,27.53
2048,10.2
2049,300.32
2050,141.31
2051,346.07
2052,20.53
2053,157.64
2054,10.12
2055,229.08
2056,47.68
2057,325.48
2058,267.67
2059,93.43
2060,438.76
2061,354.04
2062,147.53
2063,675.27
2064,1.52
2065,229.23
2066,193.01
2067,328.53
2068,124.82
2069,53.22
2070,55.15
2071,67.1
2072,657.66
2073,11.38
2074,31.11
2075,227.34
2076,198.7
2077,263.47
2078,270.77
2079,5.25
2080,205.41
2081,610.96
2082,312.59
2083,272.93
2084,56.7
2085,15.84
2086,37.12
2087,66.28
2088,323.29
2089,177.21
2090,249.94
2091,26.95
2092,2.97
2093,5.78
2094,146.34
2095,45.95
2096,146.38
2097,6.04
2098,869.62
2099,4.06
2100,673.85
2101,158.55
2102,165.94
2103,28.21
2104,446.41
2105,62.41
2106,70.22
2107,36.77
2108,43.84
2109,76.1
2110,172.91
2111,274.27
2112,161.15
2113,42.83
2114,35.56
2115,3.26
2116,10.07
2117,8.75
2118,244.3
2119,405.76
2120,538.53
2121,10.05
2122,197.3
2123,71.54
2124,393.17
2125,309.17
2126,120.69
2127,11.18
2128,234.96
2129,25.09
2130,26.27
2131,295.9
2132,194.47
2133,20.08
2134,3.29
2135,9.91
2136,69.48
2137,9.0
2138,80.02
2139,206.64
2140,9.92
2141,379.81
2142,195.9
2143,14.57
2144,165.85
2145,36.6
2146,191.07
2147,372.52
2148,1.77
2149,1.67
2150,7.75
2151,260.08
2152,76.69
2153,265.9
2154,184.39
2155,42.67
2156,444.23
2157,56.5
2158,5.16
2159,479.65
2160,183.02
2161,173.59
2162,189.36
2163,311.9
2164,285.7
2165,10.87
2166,422.1
2167,69.73
2168,96.94
2169,66.98
2170,36.47
2171,193.53
2172,158.42
2173,279.48
2174,9.42
2175,211.88
2176,32.97
2177,571.78
2178,11.45
2179,75.2
2180,406.92
2181,281.12
2182,291.59
2183,329.94
2184,60.07
2185,110.84
2186,423.32
2187,28.74
2188,84.92
2189,446.31
2190,156.42
2191,13.39
2192,23.12
2193,4.67
2194,336.84
2195,91.96
2196,100.04
2197,1.85
2198,342.18
2199,349.85
2200,358.73
2201,177.28
2202,349.62
2203,115.27
2204,138.06
2205,207.79
2206,15.35
2207,738.01
2208,279.45
2209,5.4
2210,245.13
2211,75.24
2212,140.79
2213,126.22
2214,11.7
2215,6.91
2216,319.8
2217,416.9
2218,315.13
2219,38.21
2220,290.79
2221,529.28
2222,14.44
2223,418.27
2224,64.4
2225,285.26
2226,397.12
2227,338.57
2228,135.83
2229,177.36
2230,170.1
2231,234.21
2232,306.9
2233,364.73
2234,165.33
2235,421.18
2236,23.89
2237,7.45
2238,215.84
2239,94.58
2240,307.88
2241,80.14
2242,169.0
2243,1.07
2244,148.98
2245,59.2
2246,6.65
2247,146.52
2248,5.25
2249,216.67
2250,589.81
2251,195.72
2252,187.66
2253,22.84
2254,214.3
2255,6.69
2256,166.17
2257,7.3
2258,495.92
2259,229.01
2260,63.84
2261,106.43
2262,6.33
2263,298.66
2264,20.11
2265,436.48
2266,125.93
2267,54.88
2268,144.5
2269,239.32
2270,233.73
2271,9.93
2272,98.31
2273,175.23
2274,8.47
2275,75.5
2276,287.75
2277,294.67
2278,168.85
2279,81.5
2280,49.72
2281,388.92
2282,250.59
2283,149.33
2284,402.76
2285,146.08
2286,18.59
2287,301.0
2288,3.04
2289,53.78
2290,162.11
2291,5.8
2292,148.08
2293,211.01
2294,48.47
2295,30.02
2296,81.89
2297,123.12
2298,452.92
2299,67.5
2300,19.41
2301,457.19
2302,163.5
2303,406.45
2304,151.29
2305,11.24
2306,144.53
2307,350.24
2308,296.07
2309,92.71
2310,44.59
2311,223.06
2312,53.96
2313,67.44
2314,288.48
2315,158.18
2316,39.93
2317,6.5
2318,243.4
2319,475.24
2320,193.31
2321,188.98
2322,345.76
2323,329.53
2324,25.63
2325,31.17
2326,65.13
2327,4.9
2328,10.66
2329,243.57
2330,13.36
2331,563.01
2332,330.14
2333,19.24
2334,188.88
2335,6.65
2336,68.32
2337,136.82
2338,39.2
2339,215.51
2340,196.54
2341,157.09
2342,427.13
2343,585.67
2344,538.81
2345,317.19
2346,312.11
2347,243.3
2348,13.32
2349,390.23
2350,46.13
2351,108.72
2352,44.67
2353,146.56
2354,419.03
2355,403.95
2356,281.61
2357,211.57
2358,388.41
2359,163.95
2360,219.78
2361,34.45
2362,414.73
2363,207.45
2364,90.9
2365,46.19
2366,9.37
2367,46.44
2368,7.76
2369,286.25
2370,63.64
2371,3.41
2372,295.63
2373,3.52
2374,57.52
2375,69.19
2376,12.26
2377,156.34
2378,315.53
2379,93.35
2380,156.54
2381,344.83
2382,374.91
2383,8.47
2384,259.91
2385,329.83
2386,11.07
2387,65.96
2388,10.18
2389,11.83
2390,76.59
2391,652.57
2392,501.86
2393,220.07
2394,34.68
2395,173.53
2396,117.99
2397,2.84
2398,673.94
2399,4.64
2400,54.65
2401,9.4
2402,4.31
2403,340.35
2404,147.64
2405,190.67
2406,460.89
2407,436.82
2408,831.7
2409,174.71
2410,137.66
2411,331.63
2412,24.85
2413,304.43
2414,122.39
2415,493.47
2416,359.57
2417,171.81
2418,159.69
2419,293.34
2420,4.56
2421,103.0
2422,5.71
2423,2.06
2424,30.14
2425,253.35
2426,207.78
2427,25.98
2428,16.15
2429,141.66
2430,732.34
2431,192.51
2432,56.58
2433,56.35
2434,258.98
2435,285.27
2436,62.16
2437,394.38
2438,62.61
2439,36.34
2440,196.23
2441,15.37
2442,24.12
2443,78.41
2444,40.89
2445,66.38
2446,35.52
2447,186.57
2448,7.79
2449,538.23
2450,248.4
2451,4.29
2452,45.29
2453,307.7
2454,24.46
2455,299.94
2456,285.32
2457,310.35
2458,256.2
2459,222.31
2460,20.78
2461,16.1
2462,45.57
2463,58.31
2464,119.44
2465,102.48
2466,256.85
2467,182.69
2468,376.99
2469,584.66
2470,81.16
2471,82.0
2472,454.22
2473,130.2
2474,730.3
2475,162.31
2476,17.73
2477,386.78
2478,204.77
2479,376.35
2480,277.64
2481,5.07
2482,102.6
2483,9.77
2484,174.4
2485,276.2
2486,34.43
2487,4.91
2488,316.74
2489,36.1
2490,275.15
2491,12.71
2492,7.31
2493,46.92
2494,462.25
2495,160.12
2496,67.86
2497,650.74
2498,408.96
2499,108.18
2500,287.24
2501,445.38
2502,432.39
2503,76.87
2504,155.06
2505,397.59
2506,28.76
2507,21.97
2508,7.32
2509,8.1
2510,50.45
2511,182.71
2512,388.8
2513,129.51
2514,141.31
2515,234.82
2516,487.2
2517,139.74
2518,304.73
2519,29.42
2520,58.08
2521,340.35
2522,257.63
2523,2.93
2524,79.02
2525,11.65
2526,419.23
2527,160.35
2528,10.47
2529,53.43
2530,224.01
2531,313.21
2532,664.98
2533,528.3
2534,204.24
2535,24.42
2536,44.71
2537,96.55
2538,8.94
2539,7.26
2540,245.09
2541,173.94
2542,100.84
2543,56.91
2544,241.98
2545,687.73
2546,203.64
2547,25.14
2548,3.47
2549,46.41
2550,248.31
2551,111.97
2552,3.31
2553,266.16
2554,437.47
2555,434.26
2556,171.58
2557,59.85
2558,14.07
2559,17.02
2560,151.08
2561,93.44
2562,216.46
2563,827.39
2564,65.81
2565,76.7
2566,15.02
2567,691.13
2568,531.79
2569,5.53
2570,7.61
2571,458.79
2572,5.88
2573,166.52
2574,24.95
2575,490.44
2576,5.37
2577,99.23
2578,10.72
2579,65.36
2580,383.97
2581,394.64
2582,20.77
2583,5.27
2584,46.71
2585,354.12
2586,65.78
2587,545.04
2588,173.14
2589,91.82
2590,201.0
2591,225.6
2592,45.46
2593,93.52
2594,79.3
2595,293.04
2596,77.27
2597,79.5
2598,2.25
2599,23.98
2600,221.26
2601,44.27
2602,9.28
2603,150.63
2604,8.8
2605,218.75
2606,320.04
2607,18.69
2608,237.5
2609,50.11
2610,58.6
2611,16.6
2612,356.29
2613,384.82
2614,26.2
2615,37.13
2616,387.09
2617,394.34
2618,41.97
2619,283.16
2620,3.18
2621,744.62
2622,95.13
2623,6.44
2624,261.92
2625,14.2
2626,10.22
2627,461.89
2628,81.63
2629,43.03
2630,202.95
2631,225.47
2632,6.71
2633,20.21
2634,75.29
2635,219.44
2636,18.87
2637,70.81
2638,248.17
2639,22.62
2640,48.15
2641,248.24
2642,30.16
2643,3.77
2644,88.67
2645,173.83
2646,14.89
2647,335.79
2648,138.28
2649,25.49
2650,38.53
2651,163.84
2652,259.03
2653,5.5
2654,176.43
2655,1.06
2656,136.39
2657,184.05
2658,16.53
2659,6.68
2660,234.57
2661,99.26
2662,11.26
2663,80.74
2664,7.19
2665,16.45
2666,223.57
2667,487.31
2668,199.04
2669,170.5
2670,141.42
2671,111.63
2672,12.78
2673,11.92
2674,296.48
2675,95.36
2676,4.71
2677,70.71
2678,140.76
2679,11.53
2680,273.98
2681,17.52
2682,154.52
2683,64.85
2684,56.9
2685,11.27
2686,194.32
2687,300.1
2688,114.01
2689,250.77
2690,5.55
2691,293.03
2692,78.3
2693,8.08
2694,2.61
2695,30.07
2696,119.14
2697,272.94
2698,104.74
2699,159.34
2700,406.17
2701,90.57
2702,418.41
2703,114.31
2704,136.86
2705,163.4
2706,439.67
2707,39.67
2708,210.2
2709,45.63
2710,22.88
2711,15.09
2712,287.02
2713,5.15
2714,467.3
2715,6.36
2716,165.19
2717,170.74
2718,37.14
2719,95.69
2720,41.86
2721,465.4
2722,3.59
2723,124.58
2724,54.14
2725,401.85
2726,105.61
2727,497.75
2728,355.04
2729,120.64
2730,154.69
2731,31.45
2732,187.8
2733,129.76
2734,101.27
2735,29.19
2736,291.04
2737,138.24
2738,71.36
2739,515.2
2740,84.67
2741,139.88
2742,10.37
2743,15.86
2744,4.05
2745,241.93
2746,147.93
2747,169.44
2748,633.29
2749,586.81
2750,289.95
2751,312.81
2752,280.23
2753,154.06
2754,161.04
2755,230.91
2756,593.0
2757,214.8
2758,147.61
2759,15.7
2760,69.71
2761,164.65
2762,10.52
2763,106.34
2764,242.8
2765,56.7
2766,85.07
2767,195.46
2768,191.04
2769,277.35
2770,164.61
2771,492.89
2772,123.27
2773,204.12
2774,418.11
2775,57.92
2776,66.82
2777,55.72
2778,304.72
2779,431.23
2780,47.88
2781,43.56
2782,390.24
2783,513.1
2784,110.75
2785,131.03
2786,103.68
2787,192.74
2788,13.48
2789,110.18
2790,20.21
2791,443.8
2792,304.48
2793,655.95
2794,458.74
2795,240.69
2796,61.98
2797,135.99
2798,357.65
2799,418.37
2800,77.97
2801,122.87
2802,54.81
2803,86.83
2804,818.05
2805,434.16
2806,197.12
2807,4.98
2808,14.89
2809,262.8
2810,145.43
2811,368.87
2812,172.37
2813,235.63
2814,17.95
2815,226.18
2816,19.24
2817,9.71
2818,144.37
2819,59.25
2820,6.54
2821,399.99
2822,48.41
2823,4.81
2824,307.9
2825,182.64
2826,18.07
2827,482.9
2828,240.45
2829,591.56
2830,18.04
2831,98.86
2832,135.27
2833,32.4
2834,396.5
2835,85.33
2836,102.79
2837,109.28
2838,402.77
2839,30.29
2840,785.4
2841,136.71
2842,179.98
2843,165.11
2844,230.56
2845,7.1
2846,49.22
2847,172.55
2848,57.94
2849,178.77
2850,83.38
2851,358.97
2852,150.08
2853,115.35
2854,18.24
2855,141.97
2856,120.9
2857,35.97
2858,429.94
2859,103.68
2860,31.23
2861,230.67
2862,75.94
2863,4.27
2864,221.37
2865,108.33
2866,426.53
2867,67.89
2868,148.35
2869,55.85
2870,201.09
2871,93.76
2872,424.77
2873,165.54
2874,140.33
2875,61.66
2876,479.49
2877,22.04
2878,268.35
2879,305.16
2880,267.57
2881,218.06
2882,151.32
2883,14.23
2884,489.49
2885,27.43
2886,264.11
2887,7.32
2888,244.47
2889,178.01
2890,399.87
2891,172.61
2892,207.72
2893,278.25
2894,12.56
2895,300.23
2896,6.53
2897,148.08
2898,6.19
2899,37.81
2900,4.44
2901,227.91
2902,57.62
2903,30.08
2904,172.34
2905,307.02
2906,28.41
2907,21.82
2908,2.64
2909,4.26
2910,297.24
2911,24.0
2912,23.02
2913,474.86
2914,421.42
2915,81.05
2916,411.67
2917,404.4
2918,39.1
2919,12.93
2920,73.8
2921,197.24
2922,4.5
2923,111.93
2924,319.32
2925,28.05
2926,433.16
2927,52.2
2928,196.05
2929,331.87
2930,8.08
2931,144.12
2932,259.89
2933,159.87
2934,7.05
2935,35.16
2936,29.71
2937,106.89
2938,148.91
2939,8.44
2940,7.86
2941,111.17
2942,19.73
2943,212.76
2944,25.39
2945,117.29
2946,36.75
2947,9.93
2948,12.41
2949,21.32
2950,26.96
2951,14.84
2952,6.8
2953,244.62
2954,371.97
2955,816.61
2956,139.35
2957,452.69
2958,143.87
2959,202.54
2960,22.14
2961,99.04
2962,6.14
2963,247.35
2964,8.9
2965,111.18
2966,437.42
2967,204.02
2968,16.52
2969,330.69
2970,31.62
2971,268.86
2972,91.47
2973,2.34
2974,21.32
2975,537.5
2976,225.16
2977,198.83
2978,189.74
2979,12.23
2980,115.49
2981,271.37
2982,79.66
2983,67.71
2984,130.98
2985,429.91
2986,448.74
2987,209.68
2988,285.11
2989,31.87
2990,187.21
2991,198.26
2992,89.74
2993,207.89
2994,28.63
2995,284.57
2996,4.84
2997,317.29
2998,161.96
2999,4.97
3000,196.22
3001,364.91
3002,31.05
3003,198.71
3004,40.43
3005,20.13
3006,15.36
3007,418.85
3008,163.93
3009,36.33
3010,8.53
3011,308.67
3012,49.04
3013,268.77
3014,4.36
3015,704.34
3016,266.31
3017,768.09
3018,255.85
3019,187.9
3020,331.02
3021,48.5
3022,48.04
3023,400.86
3024,106.68
3025,160.0
3026,130.22
3027,58.63
3028,16.23
3029,58.3
3030,120.53
3031,36.16
3032,385.08
3033,72.18
3034,317.12
3035,288.74
3036,9.58
3037,345.09
3038,5.52
3039,380.18
3040,129.77
3041,16.97
3042,95.29
3043,373.64
3044,451.63
3045,153.89
3046,6.74
3047,183.62
3048,328.31
3049,121.38
3050,109.71
3051,63.84
3052,331.92
3053,555.94
3054,16.36
3055,114.0
3056,206.54
3057,179.87
3058,151.85
3059,7.62
3060,237.38
3061,67.67
3062,187.62
3063,416.64
3064,306.76
3065,148.2
3066,230.25
3067,469.98
3068,70.83
3069,160.73
3070,319.39
3071,80.88
3072,111.85
3073,3.1
3074,237.92
3075,5.77
3076,118.25
3077,422.69
3078,33.09
3079,127.15
3080,89.09
3081,138.53
3082,223.51
3083,30.4
3084,25.08
3085,62.67
3086,71.96
3087,132.2
3088,453.7
3089,414.67
3090,123.32
3091,400.71
3092,582.05
3093,105.79
3094,178.4
3095,174.31
3096,167.67
3097,23.41
3098,446.2
3099,266.18
3100,48.14
3101,8.52
3102,5.64
3103,3.12
3104,318.89
3105,36.21
3106,221.17
3107,27.05
3108,670.4
3109,42.62
3110,228.75
3111,278.54
3112,280.66
3113,8.43
3114,218.34
3115,7.16
3116,133.96
3117,61.8
3118,96.66
3119,62.8
3120,146.24
3121,88.97
3122,277.56
3123,17.41
3124,146.67
3125,296.35
3126,111.4
3127,215.2
3128,195.48
3129,3.32
3130,13.67
3131,82.27
3132,45.98
3133,305.38
3134,307.3
3135,71.28
3136,127.58
3137,22.39
3138,179.76
3139,5.29
3140,6.53
3141,19.75
3142,68.01
3143,720.69
3144,490.38
3145,246.01
3146,115.05
3147,453.77
3148,90.28
3149,222.86
3150,124.83
3151,276.86
3152,18.15
3153,114.22
3154,93.58
3155,75.49
3156,184.6
3157,131.92
3158,21.1
3159,211.22
3160,23.88
3161,661.28
3162,7.69
3163,261.0
3164,247.58
3165,209.95
3166,21.06
3167,153.08
3168,316.61
3169,855.88
3170,14.09
3171,267.65
3172,161.34
3173,392.07
3174,151.28
3175,130.48
3176,1.15
3177,202.86
3178,24.98
3179,418.67
3180,275.95
3181,198.72
3182,184.82
3183,128.84
3184,122.39
3185,206.91
3186,38.93
3187,14.65
3188,293.84
3189,186.44
3190,779.25
3191,325.27
3192,42.5
3193,252.05
3194,216.52
3195,367.6
3196,236.94
3197,221.39
3198,22.88
3199,73.3
3200,85.96
3201,236.29
3202,51.79
3203,5.64
3204,208.46
3205,128.81
3206,7.29
3207,22.06
3208,8.37
3209,157.43
3210,591.03
3211,290.81
3212,310.56
3213,386.78
3214,17.14
3215,103.74
3216,670.0
3217,70.19
3218,170.15
3219,258.06
3220,81.85
3221,36.1
3222,59.86
3223,93.96
3224,108.21
3225,268.91
3226,209.96
3227,179.77
3228,187.08
3229,176.9
3230,245.2
3231,34.49
3232,436.4
3233,377.84
3234,1.49
3235,182.18
3236,61.53
3237,184.21
3238,33.32
3239,389.63
3240,9.55
3241,15.63
3242,104.29
3243,101.11
3244,451.27
3245,432.39
3246,32.39
3247,164.87
3248,69.52
3249,254.81
3250,203.95
3251,10.05
3252,399.11
3253,578.94
3254,61.71
3255,24.68
3256,42.68
3257,10.95
3258,68.16
3259,180.34
3260,213.12
3261,13.46
3262,39.5
3263,200.63
3264,415.78
3265,5.75
3266,491.46
3267,240.08
3268,169.59
3269,33.65
3270,647.13
3271,287.62
3272,4.51
3273,221.93
3274,35.52
3275,6.06
3276,157.62
3277,38.61
3278,158.43
3279,116.44
3280,176.17
3281,334.81
3282,174.52
3283,53.59
3284,320.44
3285,625.1
3286,478.15
3287,315.33
3288,544.45
3289,297.0
3290,14.73
3291,190.1
3292,167.37
3293,3.42
3294,226.91
3295,99.27
3296,290.84
3297,216.85
3298,19.95
3299,306.94
3300,199.42
3301,161.81
3302,7.4
3303,269.14
3304,338.53
3305,151.38
3306,3.24
3307,64.67
3308,245.59
3309,470.64
3310,262.79
3311,277.72
3312,376.41
3313,11.97
3314,185.05
3315,165.25
3316,6.31
3317,514.54
3318,59.86
3319,291.99
3320,567.87
3321,32.72
3322,130.44
3323,103.73
3324,104.49
3325,98.06
3326,13.64
3327,124.64
3328,280.02
3329,80.0
3330,223.04
3331,3.42
3332,113.76
3333,42.42
3334,647.84
3335,457.55
3336,147.62
3337,65.83
3338,134.21
3339,395.19
3340,402.55
3341,235.49
3342,115.01
3343,576.56
3344,67.23
3345,114.91
3346,122.64
3347,285.03
3348,88.95
3349,420.14
3350,349.98
3351,51.23
3352,174.9
3353,241.79
3354,15.43
3355,336.42
3356,149.22
3357,12.16
3358,270.63
3359,571.8
3360,226.17
3361,248.62
3362,24.81
3363,1.87
3364,189.17
3365,110.48
3366,74.38
3367,15.84
3368,9.35
3369,699.14
3370,706.55
3371,575.14
3372,6.57
3373,24.33
3374,199.1
3375,91.29
3376,287.86
3377,10.52
3378,545.34
3379,258.95
3380,10.12
3381,660.4
3382,119.66
3383,179.45
3384,238.72
3385,314.44
3386,564.34
3387,4.92
3388,71.02
3389,25.05
3390,25.87
3391,1.72
3392,300.14
3393,14.48
3394,385.58
3395,183.86
3396,322.45
3397,406.26
3398,165.46
3399,20.91
3400,229.57
3401,1.63
3402,79.77
3403,228.83
3404,71.14
3405,7.6
3406,80.74
3407,117.55
3408,4.26
3409,537.15
3410,110.07
3411,227.19
3412,3.86
3413,108.09
3414,3.49
3415,406.5
3416,187.69
3417,320.57
3418,168.62
3419,162.44
3420,201.81
3421,173.32
3422,446.66
3423,75.33
3424,269.12
3425,252.14
3426,509.28
3427,35.08
3428,199.13
3429,3.34
3430,451.7
3431,148.9
3432,12.67
3433,199.99
3434,137.62
3435,458.63
3436,100.21
3437,407.4
3438,8.65
3439,422.43
3440,198.37
3441,149.84
3442,5.9
3443,486.18
3444,340.47
3445,233.46
3446,677.4
3447,6.91
3448,32.29
3449,421.06
3450,664.08
3451,15.63
3452,240.75
3453,492.89
3454,183.08
3455,603.61
3456,23.5
3457,7.68
3458,128.04
3459,757.04
3460,23.43
3461,414.77
3462,825.37
3463,293.81
3464,668.51
3465,211.82
3466,859.71
3467,168.19
3468,28.23
3469,132.57
3470,179.7
3471,856.54
3472,3.71
3473,477.39
3474,22.13
3475,267.47
3476,27.86
3477,220.5
3478,50.12
3479,133.36
3480,236.3
3481,335.51
3482,6.06
3483,110.08
3484,47.28
3485,53.75
3486,11.77
3487,207.85
3488,71.05
3489,355.13
3490,5.01
3491,123.54
3492,146.4
3493,29.02
3494,68.07
3495,40.03
3496,464.47
3497,246.05
3498,318.33
3499,243.62
3500,192.86
3501,5.74
3502,331.12
3503,7.9
3504,287.13
3505,4.82
3506,540.11
3507,101.97
3508,202.38
3509,24.48
3510,86.2
3511,582.35
3512,218.98
3513,243.57
3514,152.06
3515,152.75
3516,254.51
3517,46.34
3518,136.79
3519,18.59
3520,146.84
3521,54.27
3522,349.8
3523,202.37
3524,35.14
3525,126.79
3526,88.4
3527,67.39
3528,91.1
3529,26.2
3530,92.03
3531,696.01
3532,230.59
3533,154.77
3534,4.44
3535,145.91
3536,11.89
3537,70.03
3538,184.29
3539,9.77
3540,431.51
3541,29.54
3542,183.23
3543,146.15
3544,200.58
3545,100.5
3546,64.84
3547,39.28
3548,733.51
3549,16.26
3550,114.61
3551,155.48
3552,153.07
3553,3.4
3554,185.23
3555,10.94
3556,46.17
3557,32.37
3558,424.75
3559,102.59
3560,5.21
3561,8.72
3562,120.58
3563,4.29
3564,54.87
3565,54.11
3566,58.24
3567,12.36
3568,512.55
3569,264.47
3570,67.86
3571,125.28
3572,170.02
3573,482.35
3574,632.71
3575,281.69
3576,24.74
3577,513.51
3578,23.98
3579,54.33
3580,316.55
3581,3.68
3582,215.21
3583,192.44
3584,196.1
3585,296.89
3586,100.9
3587,49.5
3588,446.4
3589,244.35
3590,40.53
3591,454.54
3592,104.84
3593,84.06
3594,57.83
3595,190.25
3596,139.63
3597,263.84
3598,19.3
3599,134.76
3600,240.0
3601,253.3
3602,347.82
3603,78.41
3604,213.06
3605,715.4
3606,59.68
3607,1.47
3608,111.32
3609,94.76
3610,103.35
3611,99.84
3612,205.4
3613,8.83
3614,44.64
3615,33.13
3616,187.55
3617,118.53
3618,75.91
3619,112.14
3620,35.4
3621,505.28
3622,31.69
3623,235.13
3624,256.46
3625,4.41
3626,54.28
3627,34.81
3628,2.27
3629,465.95
3630,145.77
3631,511.64
3632,136.57
3633,143.0
3634,354.27
3635,9.29
3636,176.01
3637,630.1
3638,174.13
3639,79.06
3640,182.14
3641,346.99
3642,7.73
3643,248.36
3644,78.3
3645,380.67
3646,106.32
3647,205.12
3648,312.44
3649,167.88
3650,199.93
3651,339.2
3652,25.49
3653,217.88
3654,206.03
3655,2.12
3656,32.57
3657,32.96
3658,454.14
3659,10.68
3660,279.19
3661,55.09
3662,254.18
3663,7.14
3664,103.45
3665,145.97
3666,475.86
3667,48.65
3668,81.77
3669,734.33
3670,30.66
3671,116.98
3672,66.84
3673,93.26
3674,464.87
3675,124.3
3676,274.5
3677,11.72
3678,6.38
3679,6.11
3680,39.05
3681,105.25
3682,465.71
3683,233.03
3684,148.46
3685,24.76
3686,587.09
3687,174.45
3688,67.41
3689,379.25
3690,302.66
3691,138.7
3692,2.87
3693,193.04
3694,9.1
3695,259.42
3696,250.54
3697,7.44
3698,53.39
3699,216.1
3700,54.48
3701,8.99
3702,411.95
3703,109.62
3704,177.02
3705,376.07
3706,545.21
3707,378.66
3708,119.13
3709,348.33
3710,23.19
3711,255.27
3712,398.31
3713,588.9
3714,124.74
3715,393.99
3716,101.96
3717,11.07
3718,543.62
3719,39.61
3720,550.2
3721,211.29
3722,236.34
3723,15.39
3724,265.76
3725,227.54
3726,477.03
3727,296.13
3728,426.67
3729,39.95
3730,474.74
3731,7.07
3732,236.84
3733,267.6
3734,50.5
3735,415.3
3736,434.14
3737,51.59
3738,2.45
3739,54.6
3740,364.96
3741,235.7
3742,459.95
3743,54.37
3744,8.88
3745,444.74
3746,2.59
3747,123.46
3748,427.73
3749,263.05
3750,565.44
3751,184.61
3752,374.97
3753,381.88
3754,48.23
3755,309.21
3756,111.32
3757,134.15
3758,256.64
3759,394.52
3760,122.59
3761,206.18
3762,49.98
3763,21.82
3764,391.35
3765,6.22
3766,169.23
3767,19.96
3768,150.7
3769,140.21
3770,17.92
3771,12.29
3772,294.91
3773,139.94
3774,16.41
3775,107.5
3776,83.09
3777,52.86
3778,108.37
3779,215.32
3780,97.17
3781,121.0
3782,74.96
3783,4.4
3784,36.34
3785,67.51
3786,171.37
3787,28.57
3788,53.84
3789,79.67
3790,236.57
3791,369.64
3792,277.26
3793,7.62
3794,196.74
3795,220.2
3796,66.24
3797,306.05
3798,338.06
3799,173.37
3800,185.39
3801,7.42
3802,39.09
3803,7.4
3804,136.41
3805,128.65
3806,6.06
3807,9.94
3808,3.88
3809,228.34
3810,2.09
3811,176.86
3812,25.39
3813,266.64
3814,388.57
3815,280.47
3816,281.62
3817,63.31
3818,31.56
3819,559.79
3820,47.13
3821,250.43
3822,111.84
3823,260.05
3824,113.94
3825,158.42
3826,82.17
3827,111.65
3828,7.62
3829,413.44
3830,208.42
3831,225.87
3832,51.55
3833,62.2
3834,204.37
3835,112.59
3836,163.62
3837,634.93
3838,205.46
3839,447.21
3840,20.86
3841,170.69
3842,44.62
3843,94.32
3844,317.32
3845,221.13
3846,799.36
3847,38.73
3848,108.22
3849,220.54
3850,1.99
3851,460.37
3852,184.73
3853,5.31
3854,33.2
3855,91.66
3856,287.84
3857,289.72
3858,304.32
3859,10.25
3860,486.3
3861,466.04
3862,61.13
3863,362.19
3864,77.14
3865,2.28
3866,61.72
3867,155.08
3868,861.05
3869,221.84
3870,183.79
3871,377.96
3872,35.45
3873,471.61
3874,2.29
3875,140.38
3876,50.97
3877,176.57
3878,378.66
3879,4.13
3880,349.87
3881,789.85
3882,73.1
3883,185.39
3884,6.26
3885,12.1
3886,632.85
3887,100.19
3888,172.54
3889,122.39
3890,878.24
3891,170.31
3892,298.8
3893,70.73
3894,507.18
3895,6.93
3896,93.34
3897,585.93
3898,84.75
3899,46.77
3900,257.81
3901,92.44
3902,88.45
3903,103.73
3904,18.54
3905,43.35
3906,5.98
3907,368.93
3908,44.31
3909,230.05
3910,24.78
3911,230.47
3912,67.88
3913,45.48
3914,122.99
3915,28.85
3916,115.24
3917,99.37
3918,318.96
3919,10.08
3920,161.99
3921,76.03
3922,618.53
3923,107.21
3924,136.88
3925,81.31
3926,441.93
3927,313.02
3928,11.95
3929,172.93
3930,314.2
3931,59.82
3932,243.81
3933,48.42
3934,42.19
3935,744.58
3936,1.47
3937,82.53
3938,2.05
3939,388.34
3940,9.53
3941,4.59
3942,413.25
3943,400.15
3944,7.87
3945,3.94
3946,298.63
3947,238.86
3948,35.34
3949,10.76
3950,34.99
3951,10.36
3952,89.43
3953,5.85
3954,149.2
3955,68.35
3956,198.53
3957,517.89
3958,284.65
3959,257.01
3960,59.01
3961,569.62
3962,271.62
3963,122.16
3964,2.13
3965,530.69
3966,24.76
3967,370.89
3968,6.73
3969,23.19
3970,5.53
3971,4.65
3972,184.41
3973,131.88
3974,394.21
3975,219.48
3976,8.45
3977,51.49
3978,6.28
3979,281.05
3980,65.93
3981,366.42
3982,705.47
3983,275.01
3984,223.4
3985,16.95
3986,417.78
3987,20.57
3988,2.76
3989,768.56
3990,5.8
3991,20.57
3992,88.53
3993,91.12
3994,26.9
3995,347.74
3996,222.96
3997,3.34
3998,368.53
3999,4.89
4000,263.81
4001,734.76
4002,52.65
4003,464.33
4004,101.77
4005,22.25
4006,204.6
4007,88.8
4008,25.81
4009,130.08
4010,203.63
4011,832.27
4012,15.58
4013,358.52
4014,108.16
4015,119.42
4016,89.63
4017,132.12
4018,26.34
4019,85.26
4020,112.34
4021,295.5
4022,528.28
4023,98.75
4024,5.36
4025,6.72
4026,33.81
4027,345.75
4028,28.37
4029,126.26
4030,256.72
4031,62.03
4032,279.14
4033,642.03
4034,102.29
4035,565.65
4036,120.69
4037,25.68
4038,71.07
4039,195.4
4040,140.47
4041,94.23
4042,89.21
4043,283.08
4044,576.17
4045,36.16
4046,168.58
4047,290.63
4048,16.52
4049,610.3
4050,553.54
4051,25.77
4052,170.02
4053,634.44
4054,33.57
4055,241.5
4056,16.36
4057,16.55
4058,4.59
4059,276.53
4060,210.53
4061,538.23
4062,291.58
4063,4.77
4064,145.13
4065,229.7
4066,200.97
4067,468.84
4068,56.62
4069,234.22
4070,105.44
4071,859.05
4072,129.79
4073,186.45
4074,9.57
4075,164.71
4076,84.97
4077,822.16
4078,180.24
4079,19.52
4080,359.9
4081,6.31
4082,422.63
4083,224.62
4084,309.63
4085,399.0
4086,335.08
4087,39.53
4088,366.47
4089,577.68
4090,76.28
4091,288.83
4092,93.69
4093,51.51
4094,3.3
4095,410.23
4096,81.68
4097,388.15
4098,196.12
4099,94.56
4100,158.62
4101,34.02
4102,5.2
4103,52.97
4104,173.41
4105,743.81
4106,184.6
4107,112.32
4108,305.98
4109,3.98
4110,470.67
4111,154.68
4112,2.85
4113,227.21
4114,224.33
4115,227.44
4116,321.19
4117,9.33
4118,163.29
4119,42.44
4120,323.31
4121,118.38
4122,484.08
4123,37.1
4124,7.05
4125,294.04
4126,44.67
4127,615.77
4128,818.95
4129,170.31
4130,23.3
4131,322.54
4132,26.11
4133,157.54
4134,225.13
4135,8.12
4136,3.62
4137,13.38
4138,3.14
4139,7.33
4140,324.38
4141,373.95
4142,40.95
4143,64.02
4144,358.3
4145,106.31
4146,236.08
4147,308.39
4148,34.95
4149,614.31
4150,50.07
4151,9.14
4152,28.07
4153,8.19
4154,164.04
4155,15.78
4156,193.81
4157,82.82
4158,286.34
4159,371.16
4160,48.27
4161,25.89
4162,21.91
4163,1.52
4164,398.91
4165,222.75
4166,459.42
4167,87.43
4168,233.09
4169,7.92
4170,363.82
4171,144.41
4172,203.02
4173,118.15
4174,6.76
4175,269.2
4176,320.19
4177,210.86
4178,113.22
4179,206.48
4180,258.21
4181,364.71
4182,350.31
4183,6.03
4184,30.93
4185,212.78
4186,23.86
4187,69.87
4188,152.66
4189,282.17
4190,1.06
4191,29.91
4192,110.25
4193,237.64
4194,98.86
4195,230.16
4196,6.57
4197,193.93
4198,263.95
4199,7.19
4200,314.96
4201,419.11
4202,94.45
4203,466.01
4204,329.0
4205,91.62
4206,5.45
4207,118.32
4208,393.98
4209,281.41
4210,279.09
4211,257.19
4212,793.91
4213,355.32
4214,3.95
4215,66.36
4216,267.48
4217,223.77
4218,2.94
4219,129.53
4220,286.12
4221,257.31
4222,159.69
4223,152.59
4224,29.2
4225,204.76
4226,255.29
4227,38.75
4228,502.2
4229,2.98
4230,220.24
4231,308.9
4232,633.96
4233,504.91
4234,160.48
4235,422.51
4236,182.24
4237,116.21
4238,275.06
4239,106.48
4240,211.91
4241,5.6
4242,319.86
4243,395.68
4244,231.42
4245,230.84
4246,96.15
4247,174.58
4248,207.84
4249,149.87
4250,303.85
4251,97.94
4252,256.55
4253,72.57
4254,46.44
4255,81.04
4256,656.9
4257,404.27
4258,18.1
4259,9.78
4260,5.4
4261,13.86
4262,4.34
4263,17.86
4264,742.11
4265,511.37
4266,10.81
4267,40.24
4268,112.97
4269,709.94
4270,83.28
4271,335.5
4272,472.34
4273,86.73
4274,179.38
4275,292.33
4276,13.86
4277,7.97
4278,451.21
4279,166.66
4280,81.92
4281,376.92
4282,283.68
4283,47.89
4284,425.75
4285,111.32
4286,7.47
4287,379.09
4288,71.62
4289,94.69
4290,14.42
4291,405.93
4292,84.54
4293,94.19
4294,169.57
4295,274.2
4296,370.05
4297,101.19
4298,9.54
4299,278.01
4300,83.97
4301,259.59
4302,38.34
4303,787.04
4304,238.57
4305,426.88
4306,292.22
4307,494.75
4308,174.37
4309,8.44
4310,234.23
4311,467.78
4312,16.42
4313,2.4
4314,69.76
4315,85.23
4316,104.95
4317,215.55
4318,127.57
4319,111.56
4320,238.03
4321,23.19
4322,10.46
4323,380.81
4324,681.54
4325,364.88
4326,122.47
4327,50.86
4328,292.53
4329,246.52
4330,112.94
4331,64.79
4332,373.97
4333,6.26
4334,101.2
4335,311.31
4336,133.26
4337,325.9
4338,19.96
4339,227.81
4340,521.93
4341,147.33
4342,762.68
4343,160.61
4344,16.03
4345,159.07
4346,40.76
4347,9.96
4348,171.61
4349,254.49
4350,76.96
4351,467.5
4352,342.05
4353,134.5
4354,14.21
4355,156.83
4356,69.69
4357,117.56
4358,264.64
4359,394.77
4360,91.28
4361,404.49
4362,251.52
4363,71.81
4364,127.39
4365,52.32
4366,317.93
4367,37.38
4368,303.39
4369,112.22
4370,7.68
4371,179.84
4372,20.71
4373,14.13
4374,301.6
4375,351.13
4376,195.99
4377,368.38
4378,362.67
4379,88.0
4380,96.29
4381,2.92
4382,112.07
4383,122.6
4384,290.18
4385,6.66
4386,483.93
4387,87.94
4388,71.73
4389,97.52
4390,233.83
4391,28.67
4392,439.72
4393,62.33
4394,222.84
4395,109.62
4396,130.93
4397,439.49
4398,58.1
4399,47.3
4400,32.43
4401,373.21
4402,378.58
4403,6.73
4404,87.23
4405,110.56
4406,142.07
4407,435.57
4408,5.05
4409,413.15
4410,176.94
4411,32.59
4412,280.7
4413,7.13
4414,193.07
4415,271.18
4416,7.99
4417,9.69
4418,83.12
4419,210.1
4420,93.81
4421,168.65
4422,23.33
4423,2.61
4424,571.28
4425,309.93
4426,732.61
4427,101.79
4428,375.55
4429,6.97
4430,193.03
4431,16.67
4432,237.8
4433,126.9
4434,51.55
4435,19.98
4436,21.63
4437,5.08
4438,8.33
4439,132.16
4440,77.68
4441,44.94
4442,456.97
4443,194.43
4444,102.25
4445,624.54
4446,247.47
4447,343.66
4448,305.71
4449,344.26
4450,179.94
4451,165.94
4452,443.7
4453,410.78
4454,594.57
4455,70.17
4456,12.58
4457,104.46
4458,147.74
4459,49.1
4460,9.75
4461,6.47
4462,368.15
4463,257.05
4464,216.28
4465,331.68
4466,290.23
4467,6.31
4468,519.11
4469,415.43
4470,532.29
4471,54.93
4472,184.48
4473,217.57
4474,913.5
4475,10.05
4476,212.63
4477,281.22
4478,206.42
4479,849.71
4480,78.86
4481,138.82
4482,372.02
4483,7.94
4484,3.21
4485,218.88
4486,177.58
4487,749.83
4488,1.41
4489,93.83
4490,289.44
4491,292.55
4492,376.54
4493,395.95
4494,178.38
4495,55.25
4496,473.01
4497,366.76
4498,4.89
4499,445.28
4500,349.27
4501,76.08
4502,89.85
4503,47.43
4504,255.41
4505,83.56
4506,64.69
4507,36.67
4508,7.56
4509,24.22
4510,188.04
4511,41.38
4512,2.33
4513,416.9
4514,353.62
4515,256.62
4516,611.23
4517,138.02
4518,321.0
4519,238.58
4520,79.48
4521,10.44
4522,20.14
4523,375.06
4524,490.06
4525,385.63
4526,44.47
4527,647.71
4528,86.23
4529,328.59
4530,14.57
4531,629.63
4532,556.26
4533,565.8
4534,3.76
4535,300.96
4536,273.57
4537,417.6
4538,264.05
4539,279.36
4540,14.73
4541,46.32
4542,161.34
4543,25.83
4544,6.3
4545,30.21
4546,49.22
4547,392.47
4548,6.12
4549,22.28
4550,163.77
4551,445.23
4552,75.77
4553,137.52
4554,188.32
4555,692.47
4556,841.27
4557,28.9
4558,260.98
4559,160.96
4560,39.66
4561,364.37
4562,110.4
4563,414.34
4564,285.43
4565,433.81
4566,11.32
4567,434.38
4568,35.87
4569,191.77
4570,199.25
4571,165.75
4572,16.13
4573,186.07
4574,6.14
4575,130.94
4576,214.53
4577,37.55
4578,108.64
4579,59.31
4580,5.19
4581,251.91
4582,887.53
4583,184.38
4584,4.26
4585,131.25
4586,48.72
4587,156.21
4588,158.69
4589,51.32
4590,153.29
4591,55.11
4592,597.03
4593,134.83
4594,94.86
4595,559.74
4596,405.25
4597,50.87
4598,103.55
4599,449.56
4600,359.53
4601,7.04
4602,92.6
4603,8.68
4604,459.52
4605,21.33
4606,115.5
4607,302.33
4608,222.52
4609,343.33
4610,62.07
4611,210.95
4612,237.33
4613,176.46
4614,54.53
4615,90.9
4616,26.51
4617,32.1
4618,14.63
4619,50.67
4620,131.68
4621,156.53
4622,167.16
4623,88.04
4624,189.97
4625,268.46
4626,96.91
4627,204.18
4628,258.25
4629,133.45
4630,5.5
4631,61.54
4632,293.12
4633,343.89
4634,133.95
4635,388.32
4636,39.44
4637,9.71
4638,38.14
4639,90.64
4640,202.35
4641,210.94
4642,251.4
4643,7.15
4644,155.37
4645,323.11
4646,505.11
4647,51.98
4648,566.22
4649,131.62
4650,399.1
4651,6.09
4652,253.54
4653,257.94
4654,70.91
4655,48.15
4656,116.69
4657,346.99
4658,4.52
4659,64.8
4660,96.24
4661,18.87
4662,164.36
4663,1.32
4664,203.54
4665,181.31
4666,5.12
4667,114.57
4668,569.24
4669,139.05
4670,194.01
4671,121.77
4672,51.01
4673,15.12
4674,104.9
4675,36.75
4676,6.5
4677,435.28
4678,734.84
4679,122.82
4680,304.48
4681,89.15
4682,166.91
4683,270.09
4684,62.87
4685,2.43
4686,249.94
4687,493.4
4688,320.1
4689,77.54
4690,281.91
4691,96.39
4692,594.39
4693,129.17
4694,112.29
4695,1.57
4696,230.82
4697,18.51
4698,22.84
4699,200.62
4700,313.89
4701,92.74
4702,442.25
4703,90.68
4704,31.93
4705,7.58
4706,113.32
4707,446.94
4708,250.44
4709,7.22
4710,39.39
4711,25.01
4712,243.0
4713,286.01
4714,268.6
4715,30.97
4716,421.67
4717,384.14
4718,15.63
4719,215.82
4720,147.13
4721,456.1
4722,1.29
4723,233.86
4724,392.28
4725,235.67
4726,110.39
4727,25.58
4728,21.57
4729,149.75
4730,61.03
4731,37.85
4732,503.87
4733,5.19
4734,83.37
4735,164.64
4736,142.96
4737,401.94
4738,79.35
4739,154.13
4740,432.16
4741,344.85
4742,448.22
4743,16.16
4744,189.34
4745,22.3
4746,87.98
4747,365.57
4748,27.6
4749,266.56
4750,5.7
4751,245.0
4752,46.94
4753,100.01
4754,341.58
4755,12.58
4756,472.07
4757,167.48
4758,252.39
4759,352.49
4760,109.33
4761,164.11
4762,5.69
4763,38.22
4764,252.02
4765,106.7
4766,43.41
4767,171.61
4768,8.01
4769,204.0
4770,11.98
4771,141.1
4772,190.9
4773,100.9
4774,133.34
4775,83.47
4776,51.71
4777,279.97
4778,195.77
4779,126.41
4780,69.77
4781,481.01
4782,41.01
4783,2.36
4784,130.25
4785,191.21
4786,156.83
4787,407.77
4788,471.62
4789,471.06
4790,24.43
4791,377.52
4792,42.68
4793,49.91
4794,292.66
4795,51.53
4796,23.35
4797,524.09
4798,190.54
4799,720.35
4800,353.07
4801,380.84
4802,204.58
4803,406.1
4804,11.18
4805,54.68
4806,45.65
4807,56.86
4808,468.95
4809,66.76
4810,558.67
4811,196.75
4812,208.15
4813,205.34
4814,114.91
4815,6.81
4816,178.11
4817,43.31
4818,146.77
4819,459.12
4820,380.66
4821,84.02
4822,25.31
4823,61.53
4824,42.98
4825,43.7
4826,55.85
4827,321.9
4828,57.01
4829,107.83
4830,122.74
4831,175.28
4832,7.07
4833,55.09
4834,242.89
4835,226.55
4836,424.95
4837,251.0
4838,239.58
4839,76.54
4840,34.55
4841,79.25
4842,302.85
4843,156.46
4844,139.11
4845,733.21
4846,427.36
4847,258.14
4848,316.98
4849,256.73
4850,89.06
4851,10.86
4852,167.14
4853,103.07
4854,187.92
4855,153.05
4856,5.56
4857,13.8
4858,42.07
4859,61.4
4860,376.79
4861,6.84
4862,59.52
4863,270.51
4864,2.13
4865,68.76
4866,114.98
4867,34.49
4868,225.64
4869,144.63
4870,55.38
4871,148.39
4872,272.74
4873,4.38
4874,710.74
4875,2.16
4876,2.97
4877,17.43
4878,14.45
4879,29.85
4880,99.47
4881,5.24
4882,31.54
4883,439.88
4884,95.79
4885,247.36
4886,81.47
4887,16.96
4888,76.68
4889,335.55
4890,273.68
4891,8.18
4892,121.05
4893,46.61
4894,168.66
4895,289.97
4896,4.59
4897,8.56
4898,79.06
4899,181.95
4900,64.33
4901,94.16
4902,36.41
4903,23.67
4904,230.48
4905,211.86
4906,57.85
4907,2.42
4908,335.19
4909,10.33
4910,4.78
4911,44.25
4912,3.85
4913,8.05
4914,567.19
4915,207.74
4916,253.95
4917,387.51
4918,60.18
4919,121.13
4920,244.63
4921,19.48
4922,160.85
4923,37.4
4924,175.53
4925,149.87
4926,10.75
4927,104.85
4928,118.6
4929,55.16
4930,41.57
4931,208.51
4932,776.61
4933,180.55
4934,437.95
4935,56.43
4936,449.32
4937,230.04
4938,118.57
4939,200.97
4940,395.83
4941,672.39
4942,25.35
4943,210.88
4944,558.97
4945,84.38
4946,484.6
4947,215.26
4948,523.42
4949,331.36
4950,16.41
4951,101.02
4952,803.15
4953,2.58
4954,389.59
4955,270.55
4956,631.68
4957,176.56
4958,180.24
4959,308.19
4960,11.56
4961,36.07
4962,30.86
4963,4.44
4964,14.8
4965,109.19
4966,11.67
4967,355.21
4968,15.04
4969,226.9
4970,285.13
4971,190.17
4972,9.11
4973,225.45
4974,71.59
4975,3.61
4976,181.54
4977,48.46
4978,7.23
4979,76.11
4980,202.42
4981,186.93
4982,370.55
4983,174.75
4984,9.91
4985,147.44
4986,520.82
4987,447.39
4988,234.24
4989,240.44
4990,96.98
4991,303.81
4992,288.9
4993,172.84
4994,17.97
4995,141.05
4996,2.24
4997,636.52
4998,96.72
4999,211.02
5000,14.3
5001,7.23
5002,175.96
5003,85.33
5004,120.17
5005,118.78
5006,22.47
5007,495.61
5008,21.87
5009,498.94
5010,13.89
5011,151.12
5012,596.04
5013,67.61
5014,412.58
5015,343.34
5016,330.16
5017,158.64
5018,208.45
5019,256.03
5020,210.91
5021,656.92
5022,184.37
5023,364.96
5024,40.46
5025,9.24
5026,216.64
5027,169.35
5028,246.2
5029,370.57
5030,495.89
5031,2.95
5032,49.02
5033,308.51
5034,113.54
5035,198.8
5036,8.9
5037,35.33
5038,39.55
5039,678.05
5040,50.44
5041,16.48
5042,610.41
5043,22.08
5044,45.25
5045,368.8
5046,73.61
5047,162.97
5048,190.07
5049,233.41
5050,6.06
5051,63.36
5052,24.23
5053,297.61
5054,52.95
5055,312.32
5056,124.01
5057,39.36
5058,52.46
5059,7.07
5060,518.48
5061,6.62
5062,42.4
5063,50.36
5064,277.34
5065,72.66
5066,219.34
5067,13.22
5068,52.78
5069,140.24
5070,4.56
5071,144.67
5072,18.12
5073,8.92
5074,390.68
5075,229.57
5076,48.32
5077,159.78
5078,327.71
5079,17.77
5080,164.44
5081,119.61
5082,153.61
5083,164.81
5084,49.22
5085,9.14
5086,635.84
5087,259.61
5088,165.57
5089,363.23
5090,161.04
5091,356.13
5092,241.26
5093,107.19
5094,434.06
5095,356.93
5096,191.59
5097,82.38
5098,51.77
5099,752.98
5100,174.48
5101,276.57
5102,6.17
5103,196.19
5104,118.24
5105,7.16
5106,117.24
5107,473.45
5108,206.94
5109,773.25
5110,327.95
5111,282.65
5112,8.14
5113,30.68
5114,13.96
5115,110.01
5116,412.79
5117,204.71
5118,77.85
5119,124.14
5120,74.49
5121,180.35
5122,65.93
5123,139.41
5124,142.73
5125,24.19
5126,83.37
5127,40.92
5128,563.53
5129,117.49
5130,133.59
5131,118.72
5132,92.91
5133,49.27
5134,581.07
5135,371.37
5136,10.1
5137,517.09
5138,382.63
5139,169.57
5140,132.98
5141,188.77
5142,112.24
5143,440.49
5144,29.18
5145,266.73
5146,161.88
5147,62.19
5148,61.04
5149,487.53
5150,152.33
5151,14.56
5152,11.99
5153,65.85
5154,315.69
5155,8.42
5156,403.31
5157,72.65
5158,125.58
5159,103.76
5160,11.47
5161,311.16
5162,216.77
5163,4.28
5164,12.55
5165,393.25
5166,605.98
5167,7.99
5168,113.49
5169,539.98
5170,353.92
5171,195.52
5172,293.27
5173,12.37
5174,217.3
5175,65.68
5176,889.84
5177,243.2
5178,68.57
5179,114.36
5180,39.88
5181,143.0
5182,412.76
5183,62.46
5184,14.25
5185,122.96
5186,37.12
5187,39.16
5188,245.08
5189,393.36
5190,605.07
5191,262.42
5192,115.25
5193,153.76
5194,153.12
5195,597.87
5196,245.99
5197,164.67
5198,124.24
5199,93.39
5200,173.77
5201,47.79
5202,427.03
5203,9.03
5204,5.05
5205,19.27
5206,297.85
5207,296.75
5208,7.03
5209,212.52
5210,46.48
5211,5.65
5212,709.15
5213,724.24
